subject,sample,replicate,adriftRead.linkerBarcode.start,adriftRead.linkerBarcode.end,adriftRead.linker.seq,index1.seq,anchorRead.identification,anchorRead.seqFilter.file,refGenome.id,anchorRead.overRead.seq,adriftRead.linkerRandomID.start,adriftRead.linkerRandomID.end
pTBG-LC,GTSP4175,1,1,20,TCGAAAGGGCATCAACGCGANNNNNNNNNNNNCTCCGCTTAAGGGACT,TCGTTGGATGGT,"u,AACCCCTAGTGATGGAGTTGGCCACTCCCTCTCTGCGCGCTCGCTCGCTCACTGAGGCCG;5p,AACCCCTAGTGATGGAGTTGGCCACTCCCTCTCTGCGCGCTCGCTCGCTCACTGAGGCCGGGCGACCAAAGGTCGCCCGACGCCCGGGCTTTGCCCGGGCGGCCTCAGTGAGCGAGCGAGCGCGCAGCTG;3p,AACCCCTAGTGATGGAGTTGGCCACTCCCTCTCTGCGCGCTCGCTCGCTCACTGAGGCCGCCCGGGCAAAGCCCGGGCGTCGGGCGACCTTTGGTCGCCCGGCCTCAGTGAGCGAGCGAGCGCGCAGCTG",/home/everett/projects/canine_hemophilia_AAV/data/sequenceData/plasmids.fasta,canFam3,AGTCCCTTAAGCGGAG,21,32
pTBG-LC,GTSP4175,2,1,20,TCGAAAGGGCATCAACGCGANNNNNNNNNNNNCTCCGCTTAAGGGACT,TCCTCCTATTGC,"u,AACCCCTAGTGATGGAGTTGGCCACTCCCTCTCTGCGCGCTCGCTCGCTCACTGAGGCCG;5p,AACCCCTAGTGATGGAGTTGGCCACTCCCTCTCTGCGCGCTCGCTCGCTCACTGAGGCCGGGCGACCAAAGGTCGCCCGACGCCCGGGCTTTGCCCGGGCGGCCTCAGTGAGCGAGCGAGCGCGCAGCTG;3p,AACCCCTAGTGATGGAGTTGGCCACTCCCTCTCTGCGCGCTCGCTCGCTCACTGAGGCCGCCCGGGCAAAGCCCGGGCGTCGGGCGACCTTTGGTCGCCCGGCCTCAGTGAGCGAGCGAGCGCGCAGCTG",/home/everett/projects/canine_hemophilia_AAV/data/sequenceData/plasmids.fasta,canFam3,AGTCCCTTAAGCGGAG,21,32
pTBG-LC,GTSP4175,3,1,20,TCGAAAGGGCATCAACGCGANNNNNNNNNNNNCTCCGCTTAAGGGACT,AGTGACGTTCGG,"u,AACCCCTAGTGATGGAGTTGGCCACTCCCTCTCTGCGCGCTCGCTCGCTCACTGAGGCCG;5p,AACCCCTAGTGATGGAGTTGGCCACTCCCTCTCTGCGCGCTCGCTCGCTCACTGAGGCCGGGCGACCAAAGGTCGCCCGACGCCCGGGCTTTGCCCGGGCGGCCTCAGTGAGCGAGCGAGCGCGCAGCTG;3p,AACCCCTAGTGATGGAGTTGGCCACTCCCTCTCTGCGCGCTCGCTCGCTCACTGAGGCCGCCCGGGCAAAGCCCGGGCGTCGGGCGACCTTTGGTCGCCCGGCCTCAGTGAGCGAGCGAGCGCGCAGCTG",/home/everett/projects/canine_hemophilia_AAV/data/sequenceData/plasmids.fasta,canFam3,AGTCCCTTAAGCGGAG,21,32
pTBG-LC,GTSP4175,4,1,20,TCGAAAGGGCATCAACGCGANNNNNNNNNNNNCTCCGCTTAAGGGACT,TGGTGTTGGTGT,"u,AACCCCTAGTGATGGAGTTGGCCACTCCCTCTCTGCGCGCTCGCTCGCTCACTGAGGCCG;5p,AACCCCTAGTGATGGAGTTGGCCACTCCCTCTCTGCGCGCTCGCTCGCTCACTGAGGCCGGGCGACCAAAGGTCGCCCGACGCCCGGGCTTTGCCCGGGCGGCCTCAGTGAGCGAGCGAGCGCGCAGCTG;3p,AACCCCTAGTGATGGAGTTGGCCACTCCCTCTCTGCGCGCTCGCTCGCTCACTGAGGCCGCCCGGGCAAAGCCCGGGCGTCGGGCGACCTTTGGTCGCCCGGCCTCAGTGAGCGAGCGAGCGCGCAGCTG",/home/everett/projects/canine_hemophilia_AAV/data/sequenceData/plasmids.fasta,canFam3,AGTCCCTTAAGCGGAG,21,32
pTBG-HC,GTSP4176,1,1,20,AGCAGGTCCGAAATTCTCGGNNNNNNNNNNNNCTCCGCTTAAGGGACT,CCTATGTGATGG,"u,AACCCCTAGTGATGGAGTTGGCCACTCCCTCTCTGCGCGCTCGCTCGCTCACTGAGGCCG;5p,AACCCCTAGTGATGGAGTTGGCCACTCCCTCTCTGCGCGCTCGCTCGCTCACTGAGGCCGGGCGACCAAAGGTCGCCCGACGCCCGGGCTTTGCCCGGGCGGCCTCAGTGAGCGAGCGAGCGCGCAGCTG;3p,AACCCCTAGTGATGGAGTTGGCCACTCCCTCTCTGCGCGCTCGCTCGCTCACTGAGGCCGCCCGGGCAAAGCCCGGGCGTCGGGCGACCTTTGGTCGCCCGGCCTCAGTGAGCGAGCGAGCGCGCAGCTG",/home/everett/projects/canine_hemophilia_AAV/data/sequenceData/plasmids.fasta,canFam3,AGTCCCTTAAGCGGAG,21,32
pTBG-HC,GTSP4176,2,1,20,AGCAGGTCCGAAATTCTCGGNNNNNNNNNNNNCTCCGCTTAAGGGACT,TTCTCCGTGTCG,"u,AACCCCTAGTGATGGAGTTGGCCACTCCCTCTCTGCGCGCTCGCTCGCTCACTGAGGCCG;5p,AACCCCTAGTGATGGAGTTGGCCACTCCCTCTCTGCGCGCTCGCTCGCTCACTGAGGCCGGGCGACCAAAGGTCGCCCGACGCCCGGGCTTTGCCCGGGCGGCCTCAGTGAGCGAGCGAGCGCGCAGCTG;3p,AACCCCTAGTGATGGAGTTGGCCACTCCCTCTCTGCGCGCTCGCTCGCTCACTGAGGCCGCCCGGGCAAAGCCCGGGCGTCGGGCGACCTTTGGTCGCCCGGCCTCAGTGAGCGAGCGAGCGCGCAGCTG",/home/everett/projects/canine_hemophilia_AAV/data/sequenceData/plasmids.fasta,canFam3,AGTCCCTTAAGCGGAG,21,32
pTBG-HC,GTSP4176,3,1,20,AGCAGGTCCGAAATTCTCGGNNNNNNNNNNNNCTCCGCTTAAGGGACT,TGTCATAGGTTC,"u,AACCCCTAGTGATGGAGTTGGCCACTCCCTCTCTGCGCGCTCGCTCGCTCACTGAGGCCG;5p,AACCCCTAGTGATGGAGTTGGCCACTCCCTCTCTGCGCGCTCGCTCGCTCACTGAGGCCGGGCGACCAAAGGTCGCCCGACGCCCGGGCTTTGCCCGGGCGGCCTCAGTGAGCGAGCGAGCGCGCAGCTG;3p,AACCCCTAGTGATGGAGTTGGCCACTCCCTCTCTGCGCGCTCGCTCGCTCACTGAGGCCGCCCGGGCAAAGCCCGGGCGTCGGGCGACCTTTGGTCGCCCGGCCTCAGTGAGCGAGCGAGCGCGCAGCTG",/home/everett/projects/canine_hemophilia_AAV/data/sequenceData/plasmids.fasta,canFam3,AGTCCCTTAAGCGGAG,21,32
pTBG-HC,GTSP4176,4,1,20,AGCAGGTCCGAAATTCTCGGNNNNNNNNNNNNCTCCGCTTAAGGGACT,TATTACCGGCAT,"u,AACCCCTAGTGATGGAGTTGGCCACTCCCTCTCTGCGCGCTCGCTCGCTCACTGAGGCCG;5p,AACCCCTAGTGATGGAGTTGGCCACTCCCTCTCTGCGCGCTCGCTCGCTCACTGAGGCCGGGCGACCAAAGGTCGCCCGACGCCCGGGCTTTGCCCGGGCGGCCTCAGTGAGCGAGCGAGCGCGCAGCTG;3p,AACCCCTAGTGATGGAGTTGGCCACTCCCTCTCTGCGCGCTCGCTCGCTCACTGAGGCCGCCCGGGCAAAGCCCGGGCGTCGGGCGACCTTTGGTCGCCCGGCCTCAGTGAGCGAGCGAGCGCGCAGCTG",/home/everett/projects/canine_hemophilia_AAV/data/sequenceData/plasmids.fasta,canFam3,AGTCCCTTAAGCGGAG,21,32
pJ60,GTSP4181,1,1,20,ACCACTAATACGCCTGACGGNNNNNNNNNNNNCTCCGCTTAAGGGACT,GTAGAGCTGTTC,"u,AACCCCTAGTGATGGAGTTGGCCACTCCCTCTCTGCGCGCTCGCTCGCTCACTGAGGCCG;5p,AACCCCTAGTGATGGAGTTGGCCACTCCCTCTCTGCGCGCTCGCTCGCTCACTGAGGCCGGGCGACCAAAGGTCGCCCGACGCCCGGGCTTTGCCCGGGCGGCCTCAGTGAGCGAGCGAGCGCGCAGCTG;3p,AACCCCTAGTGATGGAGTTGGCCACTCCCTCTCTGCGCGCTCGCTCGCTCACTGAGGCCGCCCGGGCAAAGCCCGGGCGTCGGGCGACCTTTGGTCGCCCGGCCTCAGTGAGCGAGCGAGCGCGCAGCTG",/home/everett/projects/canine_hemophilia_AAV/data/sequenceData/plasmids.fasta,canFam3,AGTCCCTTAAGCGGAG,21,32
pJ60,GTSP4181,2,1,20,ACCACTAATACGCCTGACGGNNNNNNNNNNNNCTCCGCTTAAGGGACT,GGTATGACTCAC,"u,AACCCCTAGTGATGGAGTTGGCCACTCCCTCTCTGCGCGCTCGCTCGCTCACTGAGGCCG;5p,AACCCCTAGTGATGGAGTTGGCCACTCCCTCTCTGCGCGCTCGCTCGCTCACTGAGGCCGGGCGACCAAAGGTCGCCCGACGCCCGGGCTTTGCCCGGGCGGCCTCAGTGAGCGAGCGAGCGCGCAGCTG;3p,AACCCCTAGTGATGGAGTTGGCCACTCCCTCTCTGCGCGCTCGCTCGCTCACTGAGGCCGCCCGGGCAAAGCCCGGGCGTCGGGCGACCTTTGGTCGCCCGGCCTCAGTGAGCGAGCGAGCGCGCAGCTG",/home/everett/projects/canine_hemophilia_AAV/data/sequenceData/plasmids.fasta,canFam3,AGTCCCTTAAGCGGAG,21,32
pJ60,GTSP4181,3,1,20,ACCACTAATACGCCTGACGGNNNNNNNNNNNNCTCCGCTTAAGGGACT,CAGTAACGGCCA,"u,AACCCCTAGTGATGGAGTTGGCCACTCCCTCTCTGCGCGCTCGCTCGCTCACTGAGGCCG;5p,AACCCCTAGTGATGGAGTTGGCCACTCCCTCTCTGCGCGCTCGCTCGCTCACTGAGGCCGGGCGACCAAAGGTCGCCCGACGCCCGGGCTTTGCCCGGGCGGCCTCAGTGAGCGAGCGAGCGCGCAGCTG;3p,AACCCCTAGTGATGGAGTTGGCCACTCCCTCTCTGCGCGCTCGCTCGCTCACTGAGGCCGCCCGGGCAAAGCCCGGGCGTCGGGCGACCTTTGGTCGCCCGGCCTCAGTGAGCGAGCGAGCGCGCAGCTG",/home/everett/projects/canine_hemophilia_AAV/data/sequenceData/plasmids.fasta,canFam3,AGTCCCTTAAGCGGAG,21,32
pJ60,GTSP4181,4,1,20,ACCACTAATACGCCTGACGGNNNNNNNNNNNNCTCCGCTTAAGGGACT,ATGGCAGCTCTA,"u,AACCCCTAGTGATGGAGTTGGCCACTCCCTCTCTGCGCGCTCGCTCGCTCACTGAGGCCG;5p,AACCCCTAGTGATGGAGTTGGCCACTCCCTCTCTGCGCGCTCGCTCGCTCACTGAGGCCGGGCGACCAAAGGTCGCCCGACGCCCGGGCTTTGCCCGGGCGGCCTCAGTGAGCGAGCGAGCGCGCAGCTG;3p,AACCCCTAGTGATGGAGTTGGCCACTCCCTCTCTGCGCGCTCGCTCGCTCACTGAGGCCGCCCGGGCAAAGCCCGGGCGTCGGGCGACCTTTGGTCGCCCGGCCTCAGTGAGCGAGCGAGCGCGCAGCTG",/home/everett/projects/canine_hemophilia_AAV/data/sequenceData/plasmids.fasta,canFam3,AGTCCCTTAAGCGGAG,21,32
pWS,GTSP4182,1,1,20,TCCACGGTCGTAATTGCTCGNNNNNNNNNNNNCTCCGCTTAAGGGACT,TTGCCACTAGAT,"u,AACCCCTAGTGATGGAGTTGGCCACTCCCTCTCTGCGCGCTCGCTCGCTCACTGAGGCCG;5p,AACCCCTAGTGATGGAGTTGGCCACTCCCTCTCTGCGCGCTCGCTCGCTCACTGAGGCCGGGCGACCAAAGGTCGCCCGACGCCCGGGCTTTGCCCGGGCGGCCTCAGTGAGCGAGCGAGCGCGCAGCTG;3p,AACCCCTAGTGATGGAGTTGGCCACTCCCTCTCTGCGCGCTCGCTCGCTCACTGAGGCCGCCCGGGCAAAGCCCGGGCGTCGGGCGACCTTTGGTCGCCCGGCCTCAGTGAGCGAGCGAGCGCGCAGCTG",/home/everett/projects/canine_hemophilia_AAV/data/sequenceData/plasmids.fasta,canFam3,AGTCCCTTAAGCGGAG,21,32
pWS,GTSP4182,2,1,20,TCCACGGTCGTAATTGCTCGNNNNNNNNNNNNCTCCGCTTAAGGGACT,TCCCATTGAAGG,"u,AACCCCTAGTGATGGAGTTGGCCACTCCCTCTCTGCGCGCTCGCTCGCTCACTGAGGCCG;5p,AACCCCTAGTGATGGAGTTGGCCACTCCCTCTCTGCGCGCTCGCTCGCTCACTGAGGCCGGGCGACCAAAGGTCGCCCGACGCCCGGGCTTTGCCCGGGCGGCCTCAGTGAGCGAGCGAGCGCGCAGCTG;3p,AACCCCTAGTGATGGAGTTGGCCACTCCCTCTCTGCGCGCTCGCTCGCTCACTGAGGCCGCCCGGGCAAAGCCCGGGCGTCGGGCGACCTTTGGTCGCCCGGCCTCAGTGAGCGAGCGAGCGCGCAGCTG",/home/everett/projects/canine_hemophilia_AAV/data/sequenceData/plasmids.fasta,canFam3,AGTCCCTTAAGCGGAG,21,32
pWS,GTSP4182,3,1,20,TCCACGGTCGTAATTGCTCGNNNNNNNNNNNNCTCCGCTTAAGGGACT,CGATGTCGTCAA,"u,AACCCCTAGTGATGGAGTTGGCCACTCCCTCTCTGCGCGCTCGCTCGCTCACTGAGGCCG;5p,AACCCCTAGTGATGGAGTTGGCCACTCCCTCTCTGCGCGCTCGCTCGCTCACTGAGGCCGGGCGACCAAAGGTCGCCCGACGCCCGGGCTTTGCCCGGGCGGCCTCAGTGAGCGAGCGAGCGCGCAGCTG;3p,AACCCCTAGTGATGGAGTTGGCCACTCCCTCTCTGCGCGCTCGCTCGCTCACTGAGGCCGCCCGGGCAAAGCCCGGGCGTCGGGCGACCTTTGGTCGCCCGGCCTCAGTGAGCGAGCGAGCGCGCAGCTG",/home/everett/projects/canine_hemophilia_AAV/data/sequenceData/plasmids.fasta,canFam3,AGTCCCTTAAGCGGAG,21,32
pWS,GTSP4182,4,1,20,TCCACGGTCGTAATTGCTCGNNNNNNNNNNNNCTCCGCTTAAGGGACT,TGCTCAGTATGT,"u,AACCCCTAGTGATGGAGTTGGCCACTCCCTCTCTGCGCGCTCGCTCGCTCACTGAGGCCG;5p,AACCCCTAGTGATGGAGTTGGCCACTCCCTCTCTGCGCGCTCGCTCGCTCACTGAGGCCGGGCGACCAAAGGTCGCCCGACGCCCGGGCTTTGCCCGGGCGGCCTCAGTGAGCGAGCGAGCGCGCAGCTG;3p,AACCCCTAGTGATGGAGTTGGCCACTCCCTCTCTGCGCGCTCGCTCGCTCACTGAGGCCGCCCGGGCAAAGCCCGGGCGTCGGGCGACCTTTGGTCGCCCGGCCTCAGTGAGCGAGCGAGCGCGCAGCTG",/home/everett/projects/canine_hemophilia_AAV/data/sequenceData/plasmids.fasta,canFam3,AGTCCCTTAAGCGGAG,21,32
UC,UninfectedControl-210422-MN,1,1,20,TTGCGGGATTGGTAAGGTGCNNNNNNNNNNNNCTCCGCTTAAGGGACT,CATAGTTTAGCC,"u,AACCCCTAGTGATGGAGTTGGCCACTCCCTCTCTGCGCGCTCGCTCGCTCACTGAGGCCG;5p,AACCCCTAGTGATGGAGTTGGCCACTCCCTCTCTGCGCGCTCGCTCGCTCACTGAGGCCGGGCGACCAAAGGTCGCCCGACGCCCGGGCTTTGCCCGGGCGGCCTCAGTGAGCGAGCGAGCGCGCAGCTG;3p,AACCCCTAGTGATGGAGTTGGCCACTCCCTCTCTGCGCGCTCGCTCGCTCACTGAGGCCGCCCGGGCAAAGCCCGGGCGTCGGGCGACCTTTGGTCGCCCGGCCTCAGTGAGCGAGCGAGCGCGCAGCTG",/home/everett/projects/canine_hemophilia_AAV/data/sequenceData/plasmids.fasta,canFam3,AGTCCCTTAAGCGGAG,21,32
UC,UninfectedControl-210422-MN,2,1,20,TTGCGGGATTGGTAAGGTGCNNNNNNNNNNNNCTCCGCTTAAGGGACT,GGCTCTGCTCTT,"u,AACCCCTAGTGATGGAGTTGGCCACTCCCTCTCTGCGCGCTCGCTCGCTCACTGAGGCCG;5p,AACCCCTAGTGATGGAGTTGGCCACTCCCTCTCTGCGCGCTCGCTCGCTCACTGAGGCCGGGCGACCAAAGGTCGCCCGACGCCCGGGCTTTGCCCGGGCGGCCTCAGTGAGCGAGCGAGCGCGCAGCTG;3p,AACCCCTAGTGATGGAGTTGGCCACTCCCTCTCTGCGCGCTCGCTCGCTCACTGAGGCCGCCCGGGCAAAGCCCGGGCGTCGGGCGACCTTTGGTCGCCCGGCCTCAGTGAGCGAGCGAGCGCGCAGCTG",/home/everett/projects/canine_hemophilia_AAV/data/sequenceData/plasmids.fasta,canFam3,AGTCCCTTAAGCGGAG,21,32
UC,UninfectedControl-210422-MN,3,1,20,TTGCGGGATTGGTAAGGTGCNNNNNNNNNNNNCTCCGCTTAAGGGACT,CGTGATCTCTCC,"u,AACCCCTAGTGATGGAGTTGGCCACTCCCTCTCTGCGCGCTCGCTCGCTCACTGAGGCCG;5p,AACCCCTAGTGATGGAGTTGGCCACTCCCTCTCTGCGCGCTCGCTCGCTCACTGAGGCCGGGCGACCAAAGGTCGCCCGACGCCCGGGCTTTGCCCGGGCGGCCTCAGTGAGCGAGCGAGCGCGCAGCTG;3p,AACCCCTAGTGATGGAGTTGGCCACTCCCTCTCTGCGCGCTCGCTCGCTCACTGAGGCCGCCCGGGCAAAGCCCGGGCGTCGGGCGACCTTTGGTCGCCCGGCCTCAGTGAGCGAGCGAGCGCGCAGCTG",/home/everett/projects/canine_hemophilia_AAV/data/sequenceData/plasmids.fasta,canFam3,AGTCCCTTAAGCGGAG,21,32
UC,UninfectedControl-210422-MN,4,1,20,TTGCGGGATTGGTAAGGTGCNNNNNNNNNNNNCTCCGCTTAAGGGACT,TTCACGGGTTGA,"u,AACCCCTAGTGATGGAGTTGGCCACTCCCTCTCTGCGCGCTCGCTCGCTCACTGAGGCCG;5p,AACCCCTAGTGATGGAGTTGGCCACTCCCTCTCTGCGCGCTCGCTCGCTCACTGAGGCCGGGCGACCAAAGGTCGCCCGACGCCCGGGCTTTGCCCGGGCGGCCTCAGTGAGCGAGCGAGCGCGCAGCTG;3p,AACCCCTAGTGATGGAGTTGGCCACTCCCTCTCTGCGCGCTCGCTCGCTCACTGAGGCCGCCCGGGCAAAGCCCGGGCGTCGGGCGACCTTTGGTCGCCCGGCCTCAGTGAGCGAGCGAGCGCGCAGCTG",/home/everett/projects/canine_hemophilia_AAV/data/sequenceData/plasmids.fasta,canFam3,AGTCCCTTAAGCGGAG,21,32
NTC,NoTemplateControl-210422-MN,1,1,20,CGATAACCGCTCAAAGCGAGNNNNNNNNNNNNCTCCGCTTAAGGGACT,CGTGTTTCAAAC,"u,AACCCCTAGTGATGGAGTTGGCCACTCCCTCTCTGCGCGCTCGCTCGCTCACTGAGGCCG;5p,AACCCCTAGTGATGGAGTTGGCCACTCCCTCTCTGCGCGCTCGCTCGCTCACTGAGGCCGGGCGACCAAAGGTCGCCCGACGCCCGGGCTTTGCCCGGGCGGCCTCAGTGAGCGAGCGAGCGCGCAGCTG;3p,AACCCCTAGTGATGGAGTTGGCCACTCCCTCTCTGCGCGCTCGCTCGCTCACTGAGGCCGCCCGGGCAAAGCCCGGGCGTCGGGCGACCTTTGGTCGCCCGGCCTCAGTGAGCGAGCGAGCGCGCAGCTG",/home/everett/projects/canine_hemophilia_AAV/data/sequenceData/plasmids.fasta,canFam3,AGTCCCTTAAGCGGAG,21,32
NTC,NoTemplateControl-210422-MN,2,1,20,CGATAACCGCTCAAAGCGAGNNNNNNNNNNNNCTCCGCTTAAGGGACT,ACCTGTCTCTCT,"u,AACCCCTAGTGATGGAGTTGGCCACTCCCTCTCTGCGCGCTCGCTCGCTCACTGAGGCCG;5p,AACCCCTAGTGATGGAGTTGGCCACTCCCTCTCTGCGCGCTCGCTCGCTCACTGAGGCCGGGCGACCAAAGGTCGCCCGACGCCCGGGCTTTGCCCGGGCGGCCTCAGTGAGCGAGCGAGCGCGCAGCTG;3p,AACCCCTAGTGATGGAGTTGGCCACTCCCTCTCTGCGCGCTCGCTCGCTCACTGAGGCCGCCCGGGCAAAGCCCGGGCGTCGGGCGACCTTTGGTCGCCCGGCCTCAGTGAGCGAGCGAGCGCGCAGCTG",/home/everett/projects/canine_hemophilia_AAV/data/sequenceData/plasmids.fasta,canFam3,AGTCCCTTAAGCGGAG,21,32
NTC,NoTemplateControl-210422-MN,3,1,20,CGATAACCGCTCAAAGCGAGNNNNNNNNNNNNCTCCGCTTAAGGGACT,ATGCACTGGCGA,"u,AACCCCTAGTGATGGAGTTGGCCACTCCCTCTCTGCGCGCTCGCTCGCTCACTGAGGCCG;5p,AACCCCTAGTGATGGAGTTGGCCACTCCCTCTCTGCGCGCTCGCTCGCTCACTGAGGCCGGGCGACCAAAGGTCGCCCGACGCCCGGGCTTTGCCCGGGCGGCCTCAGTGAGCGAGCGAGCGCGCAGCTG;3p,AACCCCTAGTGATGGAGTTGGCCACTCCCTCTCTGCGCGCTCGCTCGCTCACTGAGGCCGCCCGGGCAAAGCCCGGGCGTCGGGCGACCTTTGGTCGCCCGGCCTCAGTGAGCGAGCGAGCGCGCAGCTG",/home/everett/projects/canine_hemophilia_AAV/data/sequenceData/plasmids.fasta,canFam3,AGTCCCTTAAGCGGAG,21,32
NTC,NoTemplateControl-210422-MN,4,1,20,CGATAACCGCTCAAAGCGAGNNNNNNNNNNNNCTCCGCTTAAGGGACT,AGAGTCCTGAGC,"u,AACCCCTAGTGATGGAGTTGGCCACTCCCTCTCTGCGCGCTCGCTCGCTCACTGAGGCCG;5p,AACCCCTAGTGATGGAGTTGGCCACTCCCTCTCTGCGCGCTCGCTCGCTCACTGAGGCCGGGCGACCAAAGGTCGCCCGACGCCCGGGCTTTGCCCGGGCGGCCTCAGTGAGCGAGCGAGCGCGCAGCTG;3p,AACCCCTAGTGATGGAGTTGGCCACTCCCTCTCTGCGCGCTCGCTCGCTCACTGAGGCCGCCCGGGCAAAGCCCGGGCGTCGGGCGACCTTTGGTCGCCCGGCCTCAGTGAGCGAGCGAGCGCGCAGCTG",/home/everett/projects/canine_hemophilia_AAV/data/sequenceData/plasmids.fasta,canFam3,AGTCCCTTAAGCGGAG,21,32
