SampleName,uniqueRegion,linker,barcode
GTSP3804-1_u3,U3,ACTTAAACTTCCGCATGGCGTNNNNNNNNNNNNCTCCGCTTAAGGGACT,GGCGCGGTTTAA
GTSP3804-2_u3,U3,ACTTAAACTTCCGCATGGCGTNNNNNNNNNNNNCTCCGCTTAAGGGACT,CCGGTATGCAAG
GTSP3804-3_u3,U3,ACTTAAACTTCCGCATGGCGTNNNNNNNNNNNNCTCCGCTTAAGGGACT,ATTATCGTGCAC
GTSP3804-4_u3,U3,ACTTAAACTTCCGCATGGCGTNNNNNNNNNNNNCTCCGCTTAAGGGACT,TAGACCTAGACC
GTSP3804-1_u5,U5,ACTTAAACTTCCGCATGGCGTNNNNNNNNNNNNCTCCGCTTAAGGGACT,AACCGACAGCGT
GTSP3804-2_u5,U5,ACTTAAACTTCCGCATGGCGTNNNNNNNNNNNNCTCCGCTTAAGGGACT,AACTGAAACGAG
GTSP3804-3_u5,U5,ACTTAAACTTCCGCATGGCGTNNNNNNNNNNNNCTCCGCTTAAGGGACT,GTATAGGTTCGC
GTSP3804-4_u5,U5,ACTTAAACTTCCGCATGGCGTNNNNNNNNNNNNCTCCGCTTAAGGGACT,AGCATATGAGAG
GTSP3805-1_u3,U3,TGACCCTTCGGATTTACCCGNNNNNNNNNNNNCTCCGCTTAAGGGACT,GATACGTCCTGA
GTSP3805-2_u3,U3,TGACCCTTCGGATTTACCCGNNNNNNNNNNNNCTCCGCTTAAGGGACT,TTCTCACCTTTC
GTSP3805-3_u3,U3,TGACCCTTCGGATTTACCCGNNNNNNNNNNNNCTCCGCTTAAGGGACT,CCAGGTATATTC
GTSP3805-4_u3,U3,TGACCCTTCGGATTTACCCGNNNNNNNNNNNNCTCCGCTTAAGGGACT,TGTGCAAGCGAC
GTSP3805-1_u5,U5,TGACCCTTCGGATTTACCCGNNNNNNNNNNNNCTCCGCTTAAGGGACT,ACGCGATACTGG
GTSP3805-2_u5,U5,TGACCCTTCGGATTTACCCGNNNNNNNNNNNNCTCCGCTTAAGGGACT,CTGAAGAAACGA
GTSP3805-3_u5,U5,TGACCCTTCGGATTTACCCGNNNNNNNNNNNNCTCCGCTTAAGGGACT,CACTTAGGTACT
GTSP3805-4_u5,U5,TGACCCTTCGGATTTACCCGNNNNNNNNNNNNCTCCGCTTAAGGGACT,CATCCTGCATCC
GTSP3806-1_u3,U3,GTTGCCGACTTAACACTGCCNNNNNNNNNNNNCTCCGCTTAAGGGACT,CTTCGTGGTAGA
GTSP3806-2_u3,U3,GTTGCCGACTTAACACTGCCNNNNNNNNNNNNCTCCGCTTAAGGGACT,GATCCCGATATT
GTSP3806-3_u3,U3,GTTGCCGACTTAACACTGCCNNNNNNNNNNNNCTCCGCTTAAGGGACT,CCGAATGCACTA
GTSP3806-4_u3,U3,GTTGCCGACTTAACACTGCCNNNNNNNNNNNNCTCCGCTTAAGGGACT,TGCGGTCATTGA
GTSP3806-1_u5,U5,GTTGCCGACTTAACACTGCCNNNNNNNNNNNNCTCCGCTTAAGGGACT,AACCGACAGCGT
GTSP3806-2_u5,U5,GTTGCCGACTTAACACTGCCNNNNNNNNNNNNCTCCGCTTAAGGGACT,AACTGAAACGAG
GTSP3806-3_u5,U5,GTTGCCGACTTAACACTGCCNNNNNNNNNNNNCTCCGCTTAAGGGACT,GTATAGGTTCGC
GTSP3806-4_u5,U5,GTTGCCGACTTAACACTGCCNNNNNNNNNNNNCTCCGCTTAAGGGACT,AGCATATGAGAG
GTSP3807-1_u3,U3,CGGCTTACAATTCCTGCGACNNNNNNNNNNNNCTCCGCTTAAGGGACT,ATCTTCCGATAG
GTSP3807-2_u3,U3,CGGCTTACAATTCCTGCGACNNNNNNNNNNNNCTCCGCTTAAGGGACT,TACAGCAATCCG
GTSP3807-3_u3,U3,CGGCTTACAATTCCTGCGACNNNNNNNNNNNNCTCCGCTTAAGGGACT,TGGTACAGTACC
GTSP3807-4_u3,U3,CGGCTTACAATTCCTGCGACNNNNNNNNNNNNCTCCGCTTAAGGGACT,ACTCGATTCGAT
GTSP3807-1_u5,U5,CGGCTTACAATTCCTGCGACNNNNNNNNNNNNCTCCGCTTAAGGGACT,ACGCGATACTGG
GTSP3807-2_u5,U5,CGGCTTACAATTCCTGCGACNNNNNNNNNNNNCTCCGCTTAAGGGACT,CTGAAGAAACGA
GTSP3807-3_u5,U5,CGGCTTACAATTCCTGCGACNNNNNNNNNNNNCTCCGCTTAAGGGACT,CACTTAGGTACT
GTSP3807-4_u5,U5,CGGCTTACAATTCCTGCGACNNNNNNNNNNNNCTCCGCTTAAGGGACT,CATCCTGCATCC
GTSP3808-1_u3,U3,GAACGAGCACTAGTAAGCCCNNNNNNNNNNNNCTCCGCTTAAGGGACT,TCATACTGCTAG
GTSP3808-2_u3,U3,GAACGAGCACTAGTAAGCCCNNNNNNNNNNNNCTCCGCTTAAGGGACT,ACTGCCATTAAC
GTSP3808-3_u3,U3,GAACGAGCACTAGTAAGCCCNNNNNNNNNNNNCTCCGCTTAAGGGACT,ATAGCTCCATAC
GTSP3808-4_u3,U3,GAACGAGCACTAGTAAGCCCNNNNNNNNNNNNCTCCGCTTAAGGGACT,GTATACAGAAGG
GTSP3808-1_u5,U5,GAACGAGCACTAGTAAGCCCNNNNNNNNNNNNCTCCGCTTAAGGGACT,AACCGACAGCGT
GTSP3808-2_u5,U5,GAACGAGCACTAGTAAGCCCNNNNNNNNNNNNCTCCGCTTAAGGGACT,AACTGAAACGAG
GTSP3808-3_u5,U5,GAACGAGCACTAGTAAGCCCNNNNNNNNNNNNCTCCGCTTAAGGGACT,GTATAGGTTCGC
GTSP3808-4_u5,U5,GAACGAGCACTAGTAAGCCCNNNNNNNNNNNNCTCCGCTTAAGGGACT,AGCATATGAGAG