,subject,sample,replicate,breakReadLinkerBarcode.start,breakReadLinkerBarcode.end,breakReadLinkerSeq,index1Seq,virusLTRseq,refGenomeBLATdb,virusRead.overReadSeq,breakRead.overReadSeq,breakReadLinkerRandomID.start,breakReadLinkerRandomID.end,refGenomeName,vectorSeqFile
1,p100-277,GTSP3804_u3,1,1,21,ACTTAAACTTCCGCATGGCGTNNNNNNNNNNNNCTCCGCTTAAGGGACT,GGCGCGGTTTAA,/home/everett/projects/AAVengeR/data/u3_100_rc.hmm,/home/everett/data/sequenceDatabases/BLAT/hg38/hg38.2bit,AGTCCCTTAAGCGGAG,TGGATGGAAGCA,22,34,hg38,/home/everett/data/sequenceDatabases/FASTA/HIV-1.ff
2,p100-277,GTSP3804_u3,2,1,21,ACTTAAACTTCCGCATGGCGTNNNNNNNNNNNNCTCCGCTTAAGGGACT,CCGGTATGCAAG,/home/everett/projects/AAVengeR/data/u3_100_rc.hmm,/home/everett/data/sequenceDatabases/BLAT/hg38/hg38.2bit,AGTCCCTTAAGCGGAG,TGGATGGAAGCA,22,34,hg38,/home/everett/data/sequenceDatabases/FASTA/HIV-1.ff
3,p100-277,GTSP3804_u3,3,1,21,ACTTAAACTTCCGCATGGCGTNNNNNNNNNNNNCTCCGCTTAAGGGACT,ATTATCGTGCAC,/home/everett/projects/AAVengeR/data/u3_100_rc.hmm,/home/everett/data/sequenceDatabases/BLAT/hg38/hg38.2bit,AGTCCCTTAAGCGGAG,TGGATGGAAGCA,22,34,hg38,/home/everett/data/sequenceDatabases/FASTA/HIV-1.ff
4,p100-277,GTSP3804_u3,4,1,21,ACTTAAACTTCCGCATGGCGTNNNNNNNNNNNNCTCCGCTTAAGGGACT,TAGACCTAGACC,/home/everett/projects/AAVengeR/data/u3_100_rc.hmm,/home/everett/data/sequenceDatabases/BLAT/hg38/hg38.2bit,AGTCCCTTAAGCGGAG,TGGATGGAAGCA,22,34,hg38,/home/everett/data/sequenceDatabases/FASTA/HIV-1.ff
5,p100-277,GTSP3804_u5,1,1,21,ACTTAAACTTCCGCATGGCGTNNNNNNNNNNNNCTCCGCTTAAGGGACT,AACCGACAGCGT,/home/everett/projects/AAVengeR/data/u5_100.hmm,/home/everett/data/sequenceDatabases/BLAT/hg38/hg38.2bit,AGTCCCTTAAGCGGAG,TGCTAGAGATTT,22,34,hg38,/home/everett/data/sequenceDatabases/FASTA/HIV-1.ff
6,p100-277,GTSP3804_u5,2,1,21,ACTTAAACTTCCGCATGGCGTNNNNNNNNNNNNCTCCGCTTAAGGGACT,AACTGAAACGAG,/home/everett/projects/AAVengeR/data/u5_100.hmm,/home/everett/data/sequenceDatabases/BLAT/hg38/hg38.2bit,AGTCCCTTAAGCGGAG,TGCTAGAGATTT,22,34,hg38,/home/everett/data/sequenceDatabases/FASTA/HIV-1.ff
7,p100-277,GTSP3804_u5,3,1,21,ACTTAAACTTCCGCATGGCGTNNNNNNNNNNNNCTCCGCTTAAGGGACT,GTATAGGTTCGC,/home/everett/projects/AAVengeR/data/u5_100.hmm,/home/everett/data/sequenceDatabases/BLAT/hg38/hg38.2bit,AGTCCCTTAAGCGGAG,TGCTAGAGATTT,22,34,hg38,/home/everett/data/sequenceDatabases/FASTA/HIV-1.ff
8,p100-277,GTSP3804_u5,4,1,21,ACTTAAACTTCCGCATGGCGTNNNNNNNNNNNNCTCCGCTTAAGGGACT,AGCATATGAGAG,/home/everett/projects/AAVengeR/data/u5_100.hmm,/home/everett/data/sequenceDatabases/BLAT/hg38/hg38.2bit,AGTCCCTTAAGCGGAG,TGCTAGAGATTT,22,34,hg38,/home/everett/data/sequenceDatabases/FASTA/HIV-1.ff
9,p100-2644,GTSP3805_u3,1,1,20,TGACCCTTCGGATTTACCCGNNNNNNNNNNNNCTCCGCTTAAGGGACT,GATACGTCCTGA,/home/everett/projects/AAVengeR/data/u3_100_rc.hmm,/home/everett/data/sequenceDatabases/BLAT/hg38/hg38.2bit,AGTCCCTTAAGCGGAG,TGGATGGAAGCA,21,33,hg38,/home/everett/data/sequenceDatabases/FASTA/HIV-1.ff
10,p100-2644,GTSP3805_u3,2,1,20,TGACCCTTCGGATTTACCCGNNNNNNNNNNNNCTCCGCTTAAGGGACT,TTCTCACCTTTC,/home/everett/projects/AAVengeR/data/u3_100_rc.hmm,/home/everett/data/sequenceDatabases/BLAT/hg38/hg38.2bit,AGTCCCTTAAGCGGAG,TGGATGGAAGCA,21,33,hg38,/home/everett/data/sequenceDatabases/FASTA/HIV-1.ff
11,p100-2644,GTSP3805_u3,3,1,20,TGACCCTTCGGATTTACCCGNNNNNNNNNNNNCTCCGCTTAAGGGACT,CCAGGTATATTC,/home/everett/projects/AAVengeR/data/u3_100_rc.hmm,/home/everett/data/sequenceDatabases/BLAT/hg38/hg38.2bit,AGTCCCTTAAGCGGAG,TGGATGGAAGCA,21,33,hg38,/home/everett/data/sequenceDatabases/FASTA/HIV-1.ff
12,p100-2644,GTSP3805_u3,4,1,20,TGACCCTTCGGATTTACCCGNNNNNNNNNNNNCTCCGCTTAAGGGACT,TGTGCAAGCGAC,/home/everett/projects/AAVengeR/data/u3_100_rc.hmm,/home/everett/data/sequenceDatabases/BLAT/hg38/hg38.2bit,AGTCCCTTAAGCGGAG,TGGATGGAAGCA,21,33,hg38,/home/everett/data/sequenceDatabases/FASTA/HIV-1.ff
13,p100-2644,GTSP3805_u5,1,1,20,TGACCCTTCGGATTTACCCGNNNNNNNNNNNNCTCCGCTTAAGGGACT,ACGCGATACTGG,/home/everett/projects/AAVengeR/data/u5_100.hmm,/home/everett/data/sequenceDatabases/BLAT/hg38/hg38.2bit,AGTCCCTTAAGCGGAG,TGCTAGAGATTT,21,33,hg38,/home/everett/data/sequenceDatabases/FASTA/HIV-1.ff
14,p100-2644,GTSP3805_u5,2,1,20,TGACCCTTCGGATTTACCCGNNNNNNNNNNNNCTCCGCTTAAGGGACT,CTGAAGAAACGA,/home/everett/projects/AAVengeR/data/u5_100.hmm,/home/everett/data/sequenceDatabases/BLAT/hg38/hg38.2bit,AGTCCCTTAAGCGGAG,TGCTAGAGATTT,21,33,hg38,/home/everett/data/sequenceDatabases/FASTA/HIV-1.ff
15,p100-2644,GTSP3805_u5,3,1,20,TGACCCTTCGGATTTACCCGNNNNNNNNNNNNCTCCGCTTAAGGGACT,CACTTAGGTACT,/home/everett/projects/AAVengeR/data/u5_100.hmm,/home/everett/data/sequenceDatabases/BLAT/hg38/hg38.2bit,AGTCCCTTAAGCGGAG,TGCTAGAGATTT,21,33,hg38,/home/everett/data/sequenceDatabases/FASTA/HIV-1.ff
16,p100-2644,GTSP3805_u5,4,1,20,TGACCCTTCGGATTTACCCGNNNNNNNNNNNNCTCCGCTTAAGGGACT,CATCCTGCATCC,/home/everett/projects/AAVengeR/data/u5_100.hmm,/home/everett/data/sequenceDatabases/BLAT/hg38/hg38.2bit,AGTCCCTTAAGCGGAG,TGCTAGAGATTT,21,33,hg38,/home/everett/data/sequenceDatabases/FASTA/HIV-1.ff
17,p100-2592,GTSP3806_u3,1,1,20,GTTGCCGACTTAACACTGCCNNNNNNNNNNNNCTCCGCTTAAGGGACT,CTTCGTGGTAGA,/home/everett/projects/AAVengeR/data/u3_100_rc.hmm,/home/everett/data/sequenceDatabases/BLAT/hg38/hg38.2bit,AGTCCCTTAAGCGGAG,TGGATGGAAGCA,21,33,hg38,/home/everett/data/sequenceDatabases/FASTA/HIV-1.ff
18,p100-2592,GTSP3806_u3,2,1,20,GTTGCCGACTTAACACTGCCNNNNNNNNNNNNCTCCGCTTAAGGGACT,GATCCCGATATT,/home/everett/projects/AAVengeR/data/u3_100_rc.hmm,/home/everett/data/sequenceDatabases/BLAT/hg38/hg38.2bit,AGTCCCTTAAGCGGAG,TGGATGGAAGCA,21,33,hg38,/home/everett/data/sequenceDatabases/FASTA/HIV-1.ff
19,p100-2592,GTSP3806_u3,3,1,20,GTTGCCGACTTAACACTGCCNNNNNNNNNNNNCTCCGCTTAAGGGACT,CCGAATGCACTA,/home/everett/projects/AAVengeR/data/u3_100_rc.hmm,/home/everett/data/sequenceDatabases/BLAT/hg38/hg38.2bit,AGTCCCTTAAGCGGAG,TGGATGGAAGCA,21,33,hg38,/home/everett/data/sequenceDatabases/FASTA/HIV-1.ff
20,p100-2592,GTSP3806_u3,4,1,20,GTTGCCGACTTAACACTGCCNNNNNNNNNNNNCTCCGCTTAAGGGACT,TGCGGTCATTGA,/home/everett/projects/AAVengeR/data/u3_100_rc.hmm,/home/everett/data/sequenceDatabases/BLAT/hg38/hg38.2bit,AGTCCCTTAAGCGGAG,TGGATGGAAGCA,21,33,hg38,/home/everett/data/sequenceDatabases/FASTA/HIV-1.ff
21,p100-2592,GTSP3806_u5,1,1,20,GTTGCCGACTTAACACTGCCNNNNNNNNNNNNCTCCGCTTAAGGGACT,AACCGACAGCGT,/home/everett/projects/AAVengeR/data/u5_100.hmm,/home/everett/data/sequenceDatabases/BLAT/hg38/hg38.2bit,AGTCCCTTAAGCGGAG,TGCTAGAGATTT,21,33,hg38,/home/everett/data/sequenceDatabases/FASTA/HIV-1.ff
22,p100-2592,GTSP3806_u5,2,1,20,GTTGCCGACTTAACACTGCCNNNNNNNNNNNNCTCCGCTTAAGGGACT,AACTGAAACGAG,/home/everett/projects/AAVengeR/data/u5_100.hmm,/home/everett/data/sequenceDatabases/BLAT/hg38/hg38.2bit,AGTCCCTTAAGCGGAG,TGCTAGAGATTT,21,33,hg38,/home/everett/data/sequenceDatabases/FASTA/HIV-1.ff
23,p100-2592,GTSP3806_u5,3,1,20,GTTGCCGACTTAACACTGCCNNNNNNNNNNNNCTCCGCTTAAGGGACT,GTATAGGTTCGC,/home/everett/projects/AAVengeR/data/u5_100.hmm,/home/everett/data/sequenceDatabases/BLAT/hg38/hg38.2bit,AGTCCCTTAAGCGGAG,TGCTAGAGATTT,21,33,hg38,/home/everett/data/sequenceDatabases/FASTA/HIV-1.ff
24,p100-2592,GTSP3806_u5,4,1,20,GTTGCCGACTTAACACTGCCNNNNNNNNNNNNCTCCGCTTAAGGGACT,AGCATATGAGAG,/home/everett/projects/AAVengeR/data/u5_100.hmm,/home/everett/data/sequenceDatabases/BLAT/hg38/hg38.2bit,AGTCCCTTAAGCGGAG,TGCTAGAGATTT,21,33,hg38,/home/everett/data/sequenceDatabases/FASTA/HIV-1.ff
25,p100-2980,GTSP3807_u3,1,1,20,CGGCTTACAATTCCTGCGACNNNNNNNNNNNNCTCCGCTTAAGGGACT,ATCTTCCGATAG,/home/everett/projects/AAVengeR/data/u3_100_rc.hmm,/home/everett/data/sequenceDatabases/BLAT/hg38/hg38.2bit,AGTCCCTTAAGCGGAG,TGGATGGAAGCA,21,33,hg38,/home/everett/data/sequenceDatabases/FASTA/HIV-1.ff
26,p100-2980,GTSP3807_u3,2,1,20,CGGCTTACAATTCCTGCGACNNNNNNNNNNNNCTCCGCTTAAGGGACT,TACAGCAATCCG,/home/everett/projects/AAVengeR/data/u3_100_rc.hmm,/home/everett/data/sequenceDatabases/BLAT/hg38/hg38.2bit,AGTCCCTTAAGCGGAG,TGGATGGAAGCA,21,33,hg38,/home/everett/data/sequenceDatabases/FASTA/HIV-1.ff
27,p100-2980,GTSP3807_u3,3,1,20,CGGCTTACAATTCCTGCGACNNNNNNNNNNNNCTCCGCTTAAGGGACT,TGGTACAGTACC,/home/everett/projects/AAVengeR/data/u3_100_rc.hmm,/home/everett/data/sequenceDatabases/BLAT/hg38/hg38.2bit,AGTCCCTTAAGCGGAG,TGGATGGAAGCA,21,33,hg38,/home/everett/data/sequenceDatabases/FASTA/HIV-1.ff
28,p100-2980,GTSP3807_u3,4,1,20,CGGCTTACAATTCCTGCGACNNNNNNNNNNNNCTCCGCTTAAGGGACT,ACTCGATTCGAT,/home/everett/projects/AAVengeR/data/u3_100_rc.hmm,/home/everett/data/sequenceDatabases/BLAT/hg38/hg38.2bit,AGTCCCTTAAGCGGAG,TGGATGGAAGCA,21,33,hg38,/home/everett/data/sequenceDatabases/FASTA/HIV-1.ff
29,p100-2980,GTSP3807_u5,1,1,20,CGGCTTACAATTCCTGCGACNNNNNNNNNNNNCTCCGCTTAAGGGACT,ACGCGATACTGG,/home/everett/projects/AAVengeR/data/u5_100.hmm,/home/everett/data/sequenceDatabases/BLAT/hg38/hg38.2bit,AGTCCCTTAAGCGGAG,TGCTAGAGATTT,21,33,hg38,/home/everett/data/sequenceDatabases/FASTA/HIV-1.ff
30,p100-2980,GTSP3807_u5,2,1,20,CGGCTTACAATTCCTGCGACNNNNNNNNNNNNCTCCGCTTAAGGGACT,CTGAAGAAACGA,/home/everett/projects/AAVengeR/data/u5_100.hmm,/home/everett/data/sequenceDatabases/BLAT/hg38/hg38.2bit,AGTCCCTTAAGCGGAG,TGCTAGAGATTT,21,33,hg38,/home/everett/data/sequenceDatabases/FASTA/HIV-1.ff
31,p100-2980,GTSP3807_u5,3,1,20,CGGCTTACAATTCCTGCGACNNNNNNNNNNNNCTCCGCTTAAGGGACT,CACTTAGGTACT,/home/everett/projects/AAVengeR/data/u5_100.hmm,/home/everett/data/sequenceDatabases/BLAT/hg38/hg38.2bit,AGTCCCTTAAGCGGAG,TGCTAGAGATTT,21,33,hg38,/home/everett/data/sequenceDatabases/FASTA/HIV-1.ff
32,p100-2980,GTSP3807_u5,4,1,20,CGGCTTACAATTCCTGCGACNNNNNNNNNNNNCTCCGCTTAAGGGACT,CATCCTGCATCC,/home/everett/projects/AAVengeR/data/u5_100.hmm,/home/everett/data/sequenceDatabases/BLAT/hg38/hg38.2bit,AGTCCCTTAAGCGGAG,TGCTAGAGATTT,21,33,hg38,/home/everett/data/sequenceDatabases/FASTA/HIV-1.ff
33,pMK027,GTSP3808_u3,1,1,20,GAACGAGCACTAGTAAGCCCNNNNNNNNNNNNCTCCGCTTAAGGGACT,TCATACTGCTAG,/home/everett/projects/AAVengeR/data/u3_100_rc.hmm,/home/everett/data/sequenceDatabases/BLAT/hg38/hg38.2bit,AGTCCCTTAAGCGGAG,TGGATGGAAGCA,21,33,hg38,/home/everett/data/sequenceDatabases/FASTA/HIV-1.ff
34,pMK027,GTSP3808_u3,2,1,20,GAACGAGCACTAGTAAGCCCNNNNNNNNNNNNCTCCGCTTAAGGGACT,ACTGCCATTAAC,/home/everett/projects/AAVengeR/data/u3_100_rc.hmm,/home/everett/data/sequenceDatabases/BLAT/hg38/hg38.2bit,AGTCCCTTAAGCGGAG,TGGATGGAAGCA,21,33,hg38,/home/everett/data/sequenceDatabases/FASTA/HIV-1.ff
35,pMK027,GTSP3808_u3,3,1,20,GAACGAGCACTAGTAAGCCCNNNNNNNNNNNNCTCCGCTTAAGGGACT,ATAGCTCCATAC,/home/everett/projects/AAVengeR/data/u3_100_rc.hmm,/home/everett/data/sequenceDatabases/BLAT/hg38/hg38.2bit,AGTCCCTTAAGCGGAG,TGGATGGAAGCA,21,33,hg38,/home/everett/data/sequenceDatabases/FASTA/HIV-1.ff
36,pMK027,GTSP3808_u3,4,1,20,GAACGAGCACTAGTAAGCCCNNNNNNNNNNNNCTCCGCTTAAGGGACT,GTATACAGAAGG,/home/everett/projects/AAVengeR/data/u3_100_rc.hmm,/home/everett/data/sequenceDatabases/BLAT/hg38/hg38.2bit,AGTCCCTTAAGCGGAG,TGGATGGAAGCA,21,33,hg38,/home/everett/data/sequenceDatabases/FASTA/HIV-1.ff
37,pMK027,GTSP3808_u5,1,1,20,GAACGAGCACTAGTAAGCCCNNNNNNNNNNNNCTCCGCTTAAGGGACT,AACCGACAGCGT,/home/everett/projects/AAVengeR/data/u5_100.hmm,/home/everett/data/sequenceDatabases/BLAT/hg38/hg38.2bit,AGTCCCTTAAGCGGAG,TGCTAGAGATTT,21,33,hg38,/home/everett/data/sequenceDatabases/FASTA/HIV-1.ff
38,pMK027,GTSP3808_u5,2,1,20,GAACGAGCACTAGTAAGCCCNNNNNNNNNNNNCTCCGCTTAAGGGACT,AACTGAAACGAG,/home/everett/projects/AAVengeR/data/u5_100.hmm,/home/everett/data/sequenceDatabases/BLAT/hg38/hg38.2bit,AGTCCCTTAAGCGGAG,TGCTAGAGATTT,21,33,hg38,/home/everett/data/sequenceDatabases/FASTA/HIV-1.ff
39,pMK027,GTSP3808_u5,3,1,20,GAACGAGCACTAGTAAGCCCNNNNNNNNNNNNCTCCGCTTAAGGGACT,GTATAGGTTCGC,/home/everett/projects/AAVengeR/data/u5_100.hmm,/home/everett/data/sequenceDatabases/BLAT/hg38/hg38.2bit,AGTCCCTTAAGCGGAG,TGCTAGAGATTT,21,33,hg38,/home/everett/data/sequenceDatabases/FASTA/HIV-1.ff
40,pMK027,GTSP3808_u5,4,1,20,GAACGAGCACTAGTAAGCCCNNNNNNNNNNNNCTCCGCTTAAGGGACT,AGCATATGAGAG,/home/everett/projects/AAVengeR/data/u5_100.hmm,/home/everett/data/sequenceDatabases/BLAT/hg38/hg38.2bit,AGTCCCTTAAGCGGAG,TGCTAGAGATTT,21,33,hg38,/home/everett/data/sequenceDatabases/FASTA/HIV-1.ff
